Transaction_ID,Customer_ID,Transaction_Date,Transaction_Type,Amount,Fees,Net_Amount,Region
1,1104,2023-01-01,Transfer,3738,11.11,3726.89,West
2,1005,2023-01-02,Withdrawal,1100,25.12,1074.88,East
3,1481,2023-01-03,Withdrawal,4894,16.7,4877.3,West
4,1856,2023-01-04,Withdrawal,1918,23.43,1894.57,South
5,1203,2023-01-05,Withdrawal,3473,13.19,3459.81,East
6,1613,2023-01-06,Withdrawal,3420,34.77,3385.23,South
7,1029,2023-01-07,Transfer,2639,26.85,2612.15,South
8,1322,2023-01-08,Transfer,2528,20.81,2507.19,North
9,1228,2023-01-09,Transfer,4756,22.23,4733.77,South
10,1671,2023-01-10,Transfer,2987,15.88,2971.12,North
11,1707,2023-01-11,Withdrawal,3026,49.03,2976.97,North
12,1184,2023-01-12,Deposit,1362,6.19,1355.81,East
13,1246,2023-01-13,Deposit,2459,7.27,2451.73,West
14,1934,2023-01-14,Transfer,3311,39.96,3271.04,North
15,1347,2023-01-15,Withdrawal,3737,11.66,3725.34,West
16,1569,2023-01-16,Withdrawal,2804,44.65,2759.35,East
17,1549,2023-01-17,Transfer,1863,28.71,1834.29,North
18,1149,2023-01-18,Withdrawal,2660,28.21,2631.79,West
19,1558,2023-01-19,Deposit,431,38.57,392.43,North
20,1018,2023-01-20,Withdrawal,373,46.79,326.21,South
21,1839,2023-01-21,Deposit,3647,10.58,3636.42,West
22,1564,2023-01-22,Transfer,3793,27.31,3765.69,West
23,1878,2023-01-23,Transfer,2421,19.97,2401.03,East
24,1141,2023-01-24,Transfer,807,34.71,772.29,South
25,1430,2023-01-25,Withdrawal,3814,22.32,3791.68,North
26,1070,2023-01-26,Deposit,756,48.41,707.59,South
27,1191,2023-01-27,Withdrawal,4428,46.36,4381.64,East
28,1094,2023-01-28,Deposit,838,1.78,836.22,East
29,1908,2023-01-29,Transfer,232,7.11,224.89,South
30,1814,2023-01-30,Transfer,516,5.01,510.99,North
31,1976,2023-01-31,Deposit,1561,33.0,1528.0,South
32,1171,2023-02-01,Transfer,2111,31.64,2079.36,East
33,1319,2023-02-02,Deposit,1030,6.79,1023.21,South
34,1051,2023-02-03,Withdrawal,401,15.99,385.01,East
35,1502,2023-02-04,Withdrawal,2691,25.3,2665.7,West
36,1162,2023-02-05,Withdrawal,795,9.2,785.8,South
37,1737,2023-02-06,Deposit,374,32.63,341.37,West
38,1949,2023-02-07,Withdrawal,4079,2.87,4076.13,West
39,1170,2023-02-08,Deposit,1703,31.01,1671.99,South
40,1587,2023-02-09,Withdrawal,277,41.04,235.96,West
41,1082,2023-02-10,Transfer,892,20.22,871.78,South
42,1932,2023-02-11,Transfer,2471,5.16,2465.84,North
43,1621,2023-02-12,Transfer,3342,10.63,3331.37,West
44,1061,2023-02-13,Deposit,465,18.07,446.93,South
45,1042,2023-02-14,Transfer,262,28.09,233.91,South
46,1090,2023-02-15,Withdrawal,3312,13.04,3298.96,North
47,1217,2023-02-16,Withdrawal,683,7.77,675.23,North
48,1988,2023-02-17,Transfer,1637,3.75,1633.25,East
49,1137,2023-02-18,Withdrawal,1798,45.72,1752.28,North
50,1323,2023-02-19,Transfer,1433,17.66,1415.34,North
51,1273,2023-02-20,Withdrawal,3603,31.81,3571.19,South
52,1891,2023-02-21,Withdrawal,2748,8.28,2739.72,South
53,1910,2023-02-22,Withdrawal,453,32.48,420.52,South
54,1545,2023-02-23,Withdrawal,1868,40.12,1827.88,East
55,1605,2023-02-24,Withdrawal,731,46.82,684.18,West
56,1043,2023-02-25,Withdrawal,4713,38.14,4674.86,North
57,1497,2023-02-26,Transfer,2004,13.0,1991.0,West
58,1197,2023-02-27,Deposit,1100,44.95,1055.05,East
59,1064,2023-02-28,Transfer,4630,20.92,4609.08,East
60,1395,2023-03-01,Withdrawal,4465,3.17,4461.83,North
61,1354,2023-03-02,Deposit,1399,16.74,1382.26,West
62,1450,2023-03-03,Transfer,4627,9.69,4617.31,East
63,1314,2023-03-04,Transfer,4757,2.28,4754.72,North
64,1459,2023-03-05,Transfer,3355,38.31,3316.69,South
65,1750,2023-03-06,Deposit,2767,33.29,2733.71,North
66,1575,2023-03-07,Transfer,3981,19.0,3962.0,South
67,1067,2023-03-08,Deposit,3545,14.44,3530.56,North
68,1488,2023-03-09,Deposit,1188,7.46,1180.54,North
69,1793,2023-03-10,Deposit,908,34.92,873.08,South
70,1025,2023-03-11,Transfer,2441,22.79,2418.21,South
71,1805,2023-03-12,Withdrawal,2486,12.71,2473.29,East
72,1663,2023-03-13,Deposit,591,39.7,551.3,South
73,1250,2023-03-14,Deposit,4894,15.65,4878.35,North
74,1420,2023-03-15,Transfer,4209,11.02,4197.98,West
75,1068,2023-03-16,Withdrawal,2169,26.23,2142.77,West
76,1907,2023-03-17,Withdrawal,2767,49.4,2717.6,South
77,1088,2023-03-18,Transfer,4240,47.87,4192.13,West
78,1363,2023-03-19,Transfer,3220,47.37,3172.63,South
79,1348,2023-03-20,Transfer,774,17.32,756.68,South
80,1578,2023-03-21,Transfer,3831,5.45,3825.55,West
81,1871,2023-03-22,Transfer,580,13.2,566.8,East
82,1901,2023-03-23,Deposit,598,12.45,585.55,South
83,1117,2023-03-24,Deposit,1910,35.41,1874.59,East
84,1648,2023-03-25,Deposit,3232,47.02,3184.98,East
85,1008,2023-03-26,Transfer,2862,10.31,2851.69,East
86,1278,2023-03-27,Transfer,1086,43.46,1042.54,North
87,1771,2023-03-28,Transfer,213,10.86,202.14,South
88,1069,2023-03-29,Withdrawal,4565,46.64,4518.36,West
89,1244,2023-03-30,Transfer,646,19.74,626.26,West
90,1386,2023-03-31,Transfer,3147,49.83,3097.17,West
91,1693,2023-04-01,Deposit,737,12.03,724.97,West
92,1885,2023-04-02,Deposit,1004,37.26,966.74,South
93,1326,2023-04-03,Transfer,854,15.19,838.81,North
94,1998,2023-04-04,Deposit,3777,41.05,3735.95,West
95,1235,2023-04-05,Withdrawal,1304,43.68,1260.32,North
96,1152,2023-04-06,Withdrawal,2949,26.29,2922.71,North
97,1595,2023-04-07,Deposit,636,11.32,624.68,West
98,1618,2023-04-08,Transfer,4691,5.51,4685.49,East
99,1206,2023-04-09,Deposit,4768,18.53,4749.47,East
100,1315,2023-04-10,Deposit,1332,7.85,1324.15,South
101,1932,2023-04-11,Deposit,2908,39.03,2868.97,East
102,1109,2023-04-12,Transfer,3249,39.11,3209.89,West
103,1523,2023-04-13,Transfer,4019,20.46,3998.54,South
104,1729,2023-04-14,Deposit,1673,39.93,1633.07,East
105,1259,2023-04-15,Withdrawal,3785,24.72,3760.28,East
106,1146,2023-04-16,Withdrawal,2398,2.8,2395.2,North
107,1254,2023-04-17,Deposit,4609,7.26,4601.74,South
108,1918,2023-04-18,Transfer,1165,9.62,1155.38,South
109,1608,2023-04-19,Withdrawal,2999,26.73,2972.27,East
110,1946,2023-04-20,Withdrawal,1589,32.18,1556.82,South
111,1090,2023-04-21,Deposit,2699,44.1,2654.9,South
112,1576,2023-04-22,Transfer,3789,46.21,3742.79,East
113,1544,2023-04-23,Withdrawal,641,2.72,638.28,North
114,1835,2023-04-24,Transfer,1025,11.59,1013.41,East
115,1174,2023-04-25,Withdrawal,1712,18.13,1693.87,East
116,1815,2023-04-26,Deposit,3203,38.2,3164.8,North
117,1818,2023-04-27,Transfer,2878,10.44,2867.56,North
118,1192,2023-04-28,Withdrawal,2682,9.72,2672.28,North
119,1129,2023-04-29,Deposit,1661,44.95,1616.05,West
120,1030,2023-04-30,Transfer,2568,28.69,2539.31,North
121,1495,2023-05-01,Transfer,1958,33.76,1924.24,South
122,1759,2023-05-02,Transfer,1428,47.67,1380.33,North
123,1907,2023-05-03,Withdrawal,3892,28.88,3863.12,West
124,1799,2023-05-04,Transfer,4248,34.52,4213.48,North
125,1681,2023-05-05,Transfer,796,13.46,782.54,East
126,1909,2023-05-06,Withdrawal,2759,11.4,2747.6,East
127,1378,2023-05-07,Transfer,1089,2.88,1086.12,East
128,1606,2023-05-08,Deposit,4527,41.12,4485.88,North
129,1787,2023-05-09,Deposit,1510,20.19,1489.81,North
130,1443,2023-05-10,Withdrawal,4522,34.77,4487.23,South
131,1992,2023-05-11,Deposit,4019,48.06,3970.94,East
132,1500,2023-05-12,Deposit,266,26.43,239.57,West
133,1434,2023-05-13,Deposit,4217,44.04,4172.96,North
134,1197,2023-05-14,Transfer,3714,40.18,3673.82,South
135,1933,2023-05-15,Deposit,455,45.94,409.06,North
136,1470,2023-05-16,Deposit,2563,12.97,2550.03,North
137,1014,2023-05-17,Deposit,1193,41.2,1151.8,West
138,1889,2023-05-18,Withdrawal,4173,36.05,4136.95,West
139,1954,2023-05-19,Deposit,3829,14.18,3814.82,South
140,1108,2023-05-20,Withdrawal,3787,1.26,3785.74,North
141,1769,2023-05-21,Deposit,769,8.87,760.13,South
142,1049,2023-05-22,Withdrawal,2486,16.58,2469.42,South
143,1555,2023-05-23,Transfer,2603,3.36,2599.64,East
144,1575,2023-05-24,Transfer,2112,2.53,2109.47,West
145,1388,2023-05-25,Transfer,1098,28.49,1069.51,South
146,1806,2023-05-26,Withdrawal,1217,5.2,1211.8,East
147,1524,2023-05-27,Deposit,3095,3.44,3091.56,East
148,1634,2023-05-28,Transfer,2478,33.05,2444.95,West
149,1505,2023-05-29,Transfer,1922,43.98,1878.02,East
150,1045,2023-05-30,Transfer,3557,2.05,3554.95,West
151,1662,2023-05-31,Transfer,1633,22.02,1610.98,East
152,1320,2023-06-01,Withdrawal,2251,31.83,2219.17,West
153,1531,2023-06-02,Withdrawal,1477,39.01,1437.99,West
154,1689,2023-06-03,Deposit,1179,4.17,1174.83,West
155,1457,2023-06-04,Deposit,2951,14.42,2936.58,South
156,1948,2023-06-05,Deposit,2332,11.1,2320.9,South
157,1088,2023-06-06,Deposit,3818,21.08,3796.92,East
158,1678,2023-06-07,Withdrawal,3311,30.46,3280.54,East
159,1049,2023-06-08,Withdrawal,405,41.68,363.32,West
160,1852,2023-06-09,Withdrawal,2518,11.33,2506.67,South
161,1602,2023-06-10,Transfer,1594,34.46,1559.54,North
162,1840,2023-06-11,Deposit,643,32.3,610.7,South
163,1366,2023-06-12,Transfer,721,39.8,681.2,East
164,1534,2023-06-13,Transfer,139,12.66,126.34,North
165,1608,2023-06-14,Transfer,2653,16.31,2636.69,North
166,1925,2023-06-15,Transfer,848,45.82,802.18,South
167,1972,2023-06-16,Withdrawal,1250,29.96,1220.04,South
168,1710,2023-06-17,Transfer,899,19.11,879.89,North
169,1584,2023-06-18,Withdrawal,4691,20.96,4670.04,North
170,1275,2023-06-19,Transfer,2876,47.19,2828.81,South
171,1978,2023-06-20,Withdrawal,3353,41.11,3311.89,South
172,1363,2023-06-21,Transfer,102,21.97,80.03,North
173,1033,2023-06-22,Transfer,2167,20.49,2146.51,South
174,1838,2023-06-23,Transfer,2644,13.72,2630.28,South
175,1127,2023-06-24,Transfer,4777,23.48,4753.52,North
176,1534,2023-06-25,Deposit,4334,14.71,4319.29,East
177,1264,2023-06-26,Withdrawal,1376,48.88,1327.12,West
178,1050,2023-06-27,Deposit,4977,38.7,4938.3,North
179,1756,2023-06-28,Deposit,3938,44.2,3893.8,East
180,1580,2023-06-29,Deposit,4883,47.87,4835.13,South
181,1966,2023-06-30,Withdrawal,3845,40.11,3804.89,North
182,1753,2023-07-01,Deposit,903,8.86,894.14,West
183,1743,2023-07-02,Withdrawal,3304,26.95,3277.05,East
184,1162,2023-07-03,Withdrawal,2222,38.03,2183.97,West
185,1582,2023-07-04,Withdrawal,3196,44.34,3151.66,North
186,1854,2023-07-05,Deposit,1870,26.45,1843.55,East
187,1398,2023-07-06,Withdrawal,355,16.14,338.86,West
188,1972,2023-07-07,Deposit,1158,3.1,1154.9,West
189,1529,2023-07-08,Deposit,3904,12.01,3891.99,North
190,1270,2023-07-09,Deposit,771,36.19,734.81,West
191,1502,2023-07-10,Withdrawal,4924,4.1,4919.9,West
192,1326,2023-07-11,Withdrawal,2229,30.97,2198.03,East
193,1548,2023-07-12,Withdrawal,3016,20.39,2995.61,East
194,1985,2023-07-13,Transfer,4334,14.53,4319.47,South
195,1797,2023-07-14,Withdrawal,3922,30.36,3891.64,East
196,1019,2023-07-15,Withdrawal,948,31.76,916.24,East
197,1093,2023-07-16,Deposit,935,23.46,911.54,North
198,1255,2023-07-17,Deposit,2780,2.65,2777.35,South
199,1998,2023-07-18,Withdrawal,4882,28.33,4853.67,South
200,1288,2023-07-19,Transfer,1388,16.18,1371.82,East
201,1018,2023-07-20,Transfer,1421,4.44,1416.56,North
202,1505,2023-07-21,Deposit,4734,48.45,4685.55,North
203,1199,2023-07-22,Deposit,2874,46.63,2827.37,North
204,1536,2023-07-23,Transfer,641,34.02,606.98,West
205,1176,2023-07-24,Withdrawal,4177,31.79,4145.21,West
206,1062,2023-07-25,Deposit,2378,11.94,2366.06,West
207,1228,2023-07-26,Deposit,2696,33.87,2662.13,West
208,1205,2023-07-27,Transfer,3897,35.2,3861.8,East
209,1240,2023-07-28,Transfer,4002,24.3,3977.7,South
210,1667,2023-07-29,Deposit,1763,3.0,1760.0,East
211,1331,2023-07-30,Deposit,1992,24.5,1967.5,East
212,1814,2023-07-31,Deposit,3154,20.66,3133.34,West
213,1619,2023-08-01,Deposit,720,21.41,698.59,South
214,1584,2023-08-02,Deposit,1043,13.27,1029.73,West
215,1740,2023-08-03,Deposit,4890,41.83,4848.17,North
216,1221,2023-08-04,Transfer,368,31.09,336.91,East
217,1689,2023-08-05,Transfer,413,31.31,381.69,West
218,1372,2023-08-06,Withdrawal,3541,8.85,3532.15,South
219,1553,2023-08-07,Withdrawal,3932,48.11,3883.89,East
220,1653,2023-08-08,Deposit,3929,30.48,3898.52,North
221,1824,2023-08-09,Deposit,3663,22.25,3640.75,North
222,1407,2023-08-10,Withdrawal,1560,2.73,1557.27,South
223,1957,2023-08-11,Transfer,999,41.12,957.88,East
224,1039,2023-08-12,Deposit,1170,22.25,1147.75,South
225,1793,2023-08-13,Withdrawal,1103,12.84,1090.16,West
226,1093,2023-08-14,Transfer,2008,16.91,1991.09,North
227,1422,2023-08-15,Deposit,4316,4.23,4311.77,North
228,1520,2023-08-16,Deposit,2498,38.25,2459.75,East
229,1263,2023-08-17,Withdrawal,3444,1.86,3442.14,East
230,1802,2023-08-18,Withdrawal,788,11.32,776.68,South
231,1132,2023-08-19,Withdrawal,3482,47.75,3434.25,North
232,1998,2023-08-20,Transfer,532,16.37,515.63,North
233,1958,2023-08-21,Withdrawal,1800,12.56,1787.44,West
234,1378,2023-08-22,Deposit,2604,3.13,2600.87,South
235,1526,2023-08-23,Deposit,420,15.58,404.42,East
236,1765,2023-08-24,Transfer,2849,31.46,2817.54,South
237,1276,2023-08-25,Deposit,1714,19.04,1694.96,West
238,1359,2023-08-26,Transfer,552,14.5,537.5,South
239,1708,2023-08-27,Transfer,1536,42.81,1493.19,West
240,1154,2023-08-28,Transfer,2762,48.06,2713.94,West
241,1132,2023-08-29,Withdrawal,4610,32.95,4577.05,North
242,1834,2023-08-30,Withdrawal,2051,35.46,2015.54,West
243,1424,2023-08-31,Deposit,4646,20.19,4625.81,North
244,1068,2023-09-01,Withdrawal,2071,26.03,2044.97,East
245,1526,2023-09-02,Deposit,443,40.27,402.73,South
246,1251,2023-09-03,Deposit,2383,31.57,2351.43,West
247,1902,2023-09-04,Transfer,2968,24.71,2943.29,North
248,1592,2023-09-05,Withdrawal,4915,30.95,4884.05,East
249,1898,2023-09-06,Transfer,977,27.42,949.58,West
250,1106,2023-09-07,Withdrawal,4615,22.67,4592.33,South
251,1692,2023-09-08,Transfer,663,43.54,619.46,North
252,1501,2023-09-09,Transfer,4097,38.29,4058.71,East
253,1245,2023-09-10,Deposit,4343,13.87,4329.13,West
254,1374,2023-09-11,Deposit,3588,18.16,3569.84,South
255,1518,2023-09-12,Withdrawal,1482,18.21,1463.79,South
256,1413,2023-09-13,Transfer,2158,49.49,2108.51,West
257,1002,2023-09-14,Deposit,4979,18.32,4960.68,South
258,1273,2023-09-15,Transfer,1350,11.2,1338.8,West
259,1253,2023-09-16,Deposit,4771,5.55,4765.45,North
260,1117,2023-09-17,Withdrawal,3257,3.74,3253.26,North
261,1924,2023-09-18,Deposit,1683,39.82,1643.18,North
262,1269,2023-09-19,Transfer,1559,28.1,1530.9,West
263,1335,2023-09-20,Deposit,244,7.08,236.92,East
264,1771,2023-09-21,Deposit,4762,34.82,4727.18,South
265,1133,2023-09-22,Withdrawal,1967,29.84,1937.16,South
266,1843,2023-09-23,Transfer,4412,31.92,4380.08,East
267,1260,2023-09-24,Withdrawal,174,2.02,171.98,South
268,1550,2023-09-25,Deposit,164,6.85,157.15,East
269,1914,2023-09-26,Withdrawal,2047,49.51,1997.49,West
270,1806,2023-09-27,Deposit,1753,5.33,1747.67,East
271,1817,2023-09-28,Withdrawal,2788,10.42,2777.58,South
272,1807,2023-09-29,Transfer,1189,14.96,1174.04,North
273,1744,2023-09-30,Withdrawal,2457,1.53,2455.47,South
274,1905,2023-10-01,Deposit,563,17.92,545.08,East
275,1448,2023-10-02,Withdrawal,1698,17.06,1680.94,South
276,1830,2023-10-03,Transfer,2270,8.06,2261.94,North
277,1264,2023-10-04,Transfer,3935,32.57,3902.43,West
278,1320,2023-10-05,Deposit,2974,29.19,2944.81,South
279,1763,2023-10-06,Withdrawal,4295,47.85,4247.15,West
280,1256,2023-10-07,Transfer,450,29.82,420.18,West
281,1542,2023-10-08,Deposit,1150,4.12,1145.88,North
282,1740,2023-10-09,Withdrawal,4629,48.13,4580.87,North
283,1844,2023-10-10,Withdrawal,3391,14.1,3376.9,West
284,1755,2023-10-11,Withdrawal,4175,26.97,4148.03,North
285,1443,2023-10-12,Withdrawal,1770,41.46,1728.54,East
286,1645,2023-10-13,Deposit,4987,36.8,4950.2,West
287,1085,2023-10-14,Deposit,4650,32.59,4617.41,West
288,1681,2023-10-15,Withdrawal,453,16.07,436.93,West
289,1756,2023-10-16,Withdrawal,3422,10.07,3411.93,North
290,1903,2023-10-17,Deposit,1339,35.44,1303.56,North
291,1776,2023-10-18,Withdrawal,1022,12.47,1009.53,East
292,1292,2023-10-19,Deposit,4824,15.08,4808.92,North
293,1962,2023-10-20,Deposit,3279,46.58,3232.42,West
294,1702,2023-10-21,Deposit,4691,20.9,4670.1,South
295,1580,2023-10-22,Transfer,241,44.26,196.74,North
296,1386,2023-10-23,Withdrawal,3293,46.53,3246.47,West
297,1236,2023-10-24,Transfer,4755,22.88,4732.12,West
298,1542,2023-10-25,Withdrawal,3246,49.99,3196.01,South
299,1164,2023-10-26,Deposit,4346,4.35,4341.65,North
300,1338,2023-10-27,Deposit,1130,2.37,1127.63,East
301,1391,2023-10-28,Deposit,3632,40.31,3591.69,East
302,1022,2023-10-29,Transfer,4991,18.51,4972.49,East
303,1545,2023-10-30,Deposit,111,7.77,103.23,South
304,1178,2023-10-31,Transfer,187,49.78,137.22,North
305,1393,2023-11-01,Withdrawal,669,37.19,631.81,South
306,1894,2023-11-02,Deposit,2890,44.71,2845.29,West
307,1698,2023-11-03,Withdrawal,1632,46.15,1585.85,West
308,1515,2023-11-04,Deposit,3141,1.37,3139.63,East
309,1079,2023-11-05,Deposit,4062,32.88,4029.12,North
310,1332,2023-11-06,Transfer,3294,16.06,3277.94,South
311,1744,2023-11-07,Deposit,3368,20.18,3347.82,East
312,1691,2023-11-08,Withdrawal,2292,38.76,2253.24,West
313,1176,2023-11-09,Withdrawal,3610,5.19,3604.81,East
314,1898,2023-11-10,Deposit,2600,3.91,2596.09,North
315,1994,2023-11-11,Deposit,4416,30.57,4385.43,East
316,1475,2023-11-12,Transfer,3293,1.89,3291.11,South
317,1277,2023-11-13,Withdrawal,2591,9.99,2581.01,North
318,1411,2023-11-14,Withdrawal,138,23.46,114.53999999999999,North
319,1883,2023-11-15,Transfer,3975,40.21,3934.79,South
320,1531,2023-11-16,Deposit,733,41.85,691.15,East
321,1697,2023-11-17,Transfer,2014,49.48,1964.52,South
322,1240,2023-11-18,Transfer,3961,4.2,3956.8,West
323,1726,2023-11-19,Withdrawal,2409,28.59,2380.41,East
324,1130,2023-11-20,Deposit,2937,49.59,2887.41,North
325,1335,2023-11-21,Withdrawal,489,42.65,446.35,North
326,1851,2023-11-22,Transfer,1517,45.94,1471.06,North
327,1087,2023-11-23,Deposit,3433,19.43,3413.57,West
328,1153,2023-11-24,Withdrawal,2930,41.53,2888.47,East
329,1161,2023-11-25,Deposit,936,41.32,894.68,West
330,1765,2023-11-26,Transfer,4830,17.52,4812.48,West
331,1117,2023-11-27,Deposit,1250,42.89,1207.11,East
332,1316,2023-11-28,Deposit,1869,35.83,1833.17,South
333,1251,2023-11-29,Transfer,1041,24.04,1016.96,South
334,1246,2023-11-30,Transfer,4421,1.61,4419.39,West
335,1837,2023-12-01,Deposit,506,32.15,473.85,East
336,1865,2023-12-02,Deposit,358,15.63,342.37,South
337,1853,2023-12-03,Transfer,427,2.58,424.42,East
338,1666,2023-12-04,Transfer,4594,16.22,4577.78,South
339,1316,2023-12-05,Withdrawal,1451,36.76,1414.24,North
340,1337,2023-12-06,Withdrawal,3253,21.45,3231.55,North
341,1580,2023-12-07,Deposit,3155,32.24,3122.76,North
342,1658,2023-12-08,Withdrawal,4921,14.29,4906.71,East
343,1576,2023-12-09,Deposit,4697,19.69,4677.31,South
344,1967,2023-12-10,Withdrawal,3017,13.78,3003.22,South
345,1110,2023-12-11,Transfer,1351,31.44,1319.56,West
346,1445,2023-12-12,Withdrawal,1778,28.49,1749.51,West
347,1231,2023-12-13,Withdrawal,481,11.81,469.19,East
348,1378,2023-12-14,Withdrawal,198,31.29,166.71,East
349,1363,2023-12-15,Transfer,1440,42.19,1397.81,North
350,1388,2023-12-16,Withdrawal,3550,39.15,3510.85,South
351,1433,2023-12-17,Deposit,936,22.31,913.69,South
352,1544,2023-12-18,Withdrawal,888,22.49,865.51,North
353,1309,2023-12-19,Transfer,1909,26.7,1882.3,South
354,1398,2023-12-20,Deposit,4837,39.66,4797.34,South
355,1144,2023-12-21,Transfer,2093,21.46,2071.54,East
356,1164,2023-12-22,Withdrawal,3030,37.86,2992.14,North
357,1287,2023-12-23,Deposit,1884,20.14,1863.86,East
358,1896,2023-12-24,Deposit,2418,8.49,2409.51,West
359,1964,2023-12-25,Deposit,3055,41.74,3013.26,East
360,1387,2023-12-26,Transfer,1195,12.68,1182.32,South
361,1266,2023-12-27,Withdrawal,2482,17.19,2464.81,South
362,1683,2023-12-28,Deposit,2482,48.99,2433.01,West
363,1415,2023-12-29,Deposit,4267,42.99,4224.01,North
364,1535,2023-12-30,Deposit,960,38.38,921.62,East
365,1657,2023-12-31,Deposit,4117,44.59,4072.41,West
366,1647,2024-01-01,Withdrawal,2615,34.5,2580.5,South
367,1689,2024-01-02,Deposit,1293,38.24,1254.76,West
368,1444,2024-01-03,Deposit,4541,33.85,4507.15,East
369,1143,2024-01-04,Transfer,1111,28.13,1082.87,North
370,1630,2024-01-05,Deposit,4757,16.21,4740.79,West
371,1414,2024-01-06,Deposit,1820,42.0,1778.0,West
372,1539,2024-01-07,Deposit,4111,1.28,4109.72,West
373,1973,2024-01-08,Transfer,824,27.68,796.32,South
374,1219,2024-01-09,Withdrawal,1357,33.17,1323.83,West
375,1963,2024-01-10,Transfer,2971,17.51,2953.49,North
376,1625,2024-01-11,Withdrawal,3788,16.54,3771.46,West
377,1783,2024-01-12,Transfer,2251,25.78,2225.22,East
378,1481,2024-01-13,Deposit,4988,15.88,4972.12,East
379,1809,2024-01-14,Transfer,434,42.15,391.85,East
380,1859,2024-01-15,Withdrawal,4498,4.56,4493.44,South
381,1098,2024-01-16,Transfer,3481,17.62,3463.38,North
382,1477,2024-01-17,Transfer,159,20.26,138.74,South
383,1964,2024-01-18,Deposit,1541,21.28,1519.72,West
384,1742,2024-01-19,Deposit,4024,4.36,4019.64,West
385,1001,2024-01-20,Transfer,2696,25.74,2670.26,West
386,1993,2024-01-21,Withdrawal,1749,2.18,1746.82,South
387,1394,2024-01-22,Transfer,426,40.47,385.53,East
388,1753,2024-01-23,Deposit,1717,21.95,1695.05,North
389,1300,2024-01-24,Deposit,4642,40.37,4601.63,North
390,1839,2024-01-25,Transfer,4006,41.55,3964.45,East
391,1675,2024-01-26,Withdrawal,2730,2.88,2727.12,South
392,1202,2024-01-27,Transfer,886,26.13,859.87,West
393,1440,2024-01-28,Transfer,2336,21.84,2314.16,West
394,1153,2024-01-29,Transfer,292,33.8,258.2,West
395,1798,2024-01-30,Transfer,3932,28.62,3903.38,South
396,1197,2024-01-31,Deposit,764,40.2,723.8,North
397,1540,2024-02-01,Deposit,3275,10.8,3264.2,West
398,1693,2024-02-02,Withdrawal,3335,6.53,3328.47,East
399,1321,2024-02-03,Deposit,2634,32.13,2601.87,South
400,1884,2024-02-04,Transfer,3611,48.71,3562.29,North
401,1673,2024-02-05,Deposit,2981,23.33,2957.67,West
402,1175,2024-02-06,Withdrawal,4352,27.47,4324.53,East
403,1567,2024-02-07,Withdrawal,2962,4.99,2957.01,South
404,1544,2024-02-08,Transfer,1729,41.26,1687.74,North
405,1646,2024-02-09,Deposit,552,21.72,530.28,North
406,1627,2024-02-10,Deposit,2544,24.16,2519.84,South
407,1923,2024-02-11,Transfer,3789,35.48,3753.52,East
408,1659,2024-02-12,Withdrawal,4613,40.77,4572.23,North
409,1266,2024-02-13,Deposit,1947,27.32,1919.68,North
410,1171,2024-02-14,Withdrawal,3953,23.03,3929.97,North
411,1710,2024-02-15,Withdrawal,3457,34.31,3422.69,West
412,1576,2024-02-16,Transfer,3630,40.94,3589.06,East
413,1556,2024-02-17,Transfer,1250,7.72,1242.28,West
414,1020,2024-02-18,Withdrawal,1747,44.08,1702.92,West
415,1318,2024-02-19,Transfer,4517,38.69,4478.31,South
416,1399,2024-02-20,Transfer,3447,30.37,3416.63,East
417,1580,2024-02-21,Withdrawal,271,6.64,264.36,North
418,1665,2024-02-22,Transfer,4185,28.41,4156.59,West
419,1498,2024-02-23,Transfer,2861,7.79,2853.21,North
420,1633,2024-02-24,Transfer,3200,10.73,3189.27,West
421,1442,2024-02-25,Transfer,427,48.41,378.59000000000003,East
422,1037,2024-02-26,Transfer,660,39.97,620.03,East
423,1694,2024-02-27,Deposit,4500,16.78,4483.22,West
424,1899,2024-02-28,Transfer,2672,21.27,2650.73,South
425,1665,2024-02-29,Transfer,4795,48.31,4746.69,North
426,1235,2024-03-01,Deposit,3889,7.58,3881.42,East
427,1379,2024-03-02,Deposit,3746,44.33,3701.67,West
428,1337,2024-03-03,Transfer,1210,43.15,1166.85,East
429,1907,2024-03-04,Withdrawal,2923,43.22,2879.78,South
430,1489,2024-03-05,Deposit,4885,43.54,4841.46,North
431,1917,2024-03-06,Transfer,2088,16.66,2071.34,South
432,1088,2024-03-07,Transfer,4086,13.26,4072.74,West
433,1234,2024-03-08,Deposit,4408,24.52,4383.48,East
434,1324,2024-03-09,Transfer,3211,2.36,3208.64,South
435,1322,2024-03-10,Withdrawal,1928,25.99,1902.01,South
436,1816,2024-03-11,Transfer,2912,45.08,2866.92,West
437,1217,2024-03-12,Withdrawal,799,26.58,772.42,South
438,1578,2024-03-13,Withdrawal,3452,47.59,3404.41,East
439,1112,2024-03-14,Deposit,384,13.19,370.81,North
440,1595,2024-03-15,Deposit,1606,23.08,1582.92,South
441,1720,2024-03-16,Withdrawal,3634,43.22,3590.78,South
442,1144,2024-03-17,Deposit,3405,43.23,3361.77,West
443,1186,2024-03-18,Deposit,4091,28.6,4062.4,South
444,1826,2024-03-19,Deposit,3510,11.36,3498.64,North
445,1700,2024-03-20,Deposit,344,16.0,328.0,East
446,1059,2024-03-21,Transfer,4264,49.05,4214.95,West
447,1523,2024-03-22,Deposit,3506,42.67,3463.33,West
448,1712,2024-03-23,Deposit,763,41.59,721.41,East
449,1419,2024-03-24,Transfer,415,24.12,390.88,East
450,1409,2024-03-25,Deposit,4972,29.87,4942.13,North
451,1880,2024-03-26,Transfer,3965,16.89,3948.11,West
452,1839,2024-03-27,Deposit,1548,47.42,1500.58,South
453,1791,2024-03-28,Withdrawal,946,18.48,927.52,North
454,1615,2024-03-29,Withdrawal,653,40.4,612.6,West
455,1180,2024-03-30,Deposit,4317,2.17,4314.83,East
456,1587,2024-03-31,Transfer,3206,45.24,3160.76,West
457,1941,2024-04-01,Deposit,4539,48.54,4490.46,East
458,1116,2024-04-02,Transfer,2555,32.88,2522.12,South
459,1284,2024-04-03,Withdrawal,733,44.41,688.59,East
460,1525,2024-04-04,Transfer,1914,27.8,1886.2,West
461,1631,2024-04-05,Deposit,4056,13.42,4042.58,South
462,1354,2024-04-06,Withdrawal,3495,24.65,3470.35,North
463,1514,2024-04-07,Transfer,4262,5.62,4256.38,East
464,1179,2024-04-08,Withdrawal,2139,31.85,2107.15,North
465,1484,2024-04-09,Withdrawal,3181,35.98,3145.02,North
466,1403,2024-04-10,Deposit,4531,6.05,4524.95,South
467,1040,2024-04-11,Withdrawal,3602,30.37,3571.63,West
468,1458,2024-04-12,Transfer,3158,7.22,3150.78,North
469,1263,2024-04-13,Transfer,766,19.9,746.1,East
470,1067,2024-04-14,Transfer,688,49.98,638.02,East
471,1506,2024-04-15,Deposit,1211,46.98,1164.02,North
472,1000,2024-04-16,Withdrawal,4423,37.48,4385.52,North
473,1938,2024-04-17,Deposit,3456,14.11,3441.89,North
474,1209,2024-04-18,Deposit,474,7.41,466.59,East
475,1401,2024-04-19,Deposit,4909,48.91,4860.09,West
476,1451,2024-04-20,Withdrawal,3624,5.8,3618.2,North
477,1492,2024-04-21,Withdrawal,4064,20.13,4043.87,West
478,1208,2024-04-22,Withdrawal,2435,31.27,2403.73,East
479,1241,2024-04-23,Transfer,1512,1.96,1510.04,East
480,1572,2024-04-24,Withdrawal,2466,5.64,2460.36,East
481,1424,2024-04-25,Deposit,631,15.07,615.93,South
482,1055,2024-04-26,Transfer,815,46.94,768.06,East
483,1211,2024-04-27,Deposit,691,44.53,646.47,East
484,1977,2024-04-28,Withdrawal,3785,24.66,3760.34,East
485,1322,2024-04-29,Deposit,4906,20.54,4885.46,West
486,1766,2024-04-30,Deposit,4265,26.76,4238.24,West
487,1064,2024-05-01,Transfer,3958,10.19,3947.81,North
488,1773,2024-05-02,Deposit,4034,24.21,4009.79,East
489,1114,2024-05-03,Deposit,3861,34.5,3826.5,West
490,1503,2024-05-04,Transfer,2722,12.6,2709.4,North
491,1438,2024-05-05,Withdrawal,1501,40.23,1460.77,West
492,1067,2024-05-06,Withdrawal,3614,6.9,3607.1,East
493,1974,2024-05-07,Transfer,3908,25.28,3882.72,North
494,1814,2024-05-08,Deposit,957,47.94,909.06,West
495,1529,2024-05-09,Deposit,4417,9.13,4407.87,South
496,1323,2024-05-10,Withdrawal,590,9.29,580.71,North
497,1651,2024-05-11,Transfer,103,36.25,66.75,East
498,1987,2024-05-12,Transfer,1193,3.1,1189.9,West
499,1507,2024-05-13,Transfer,4160,18.98,4141.02,North
500,1206,2024-05-14,Transfer,648,26.38,621.62,South
